No,"Nama Barang",Kode,Gudang,"Stok Tersedia","Stok Maintenance","Stok Peminjaman"
1,Alika,BRG-137298,"Gudang Utilitas",1,0,0
2,Antracol,BRG-887682,"Gudang Utilitas",1,0,0
3,Applaud,BRG-958787,"Gudang Utilitas",240,0,0
4,"Mantab 1 L",BRG-538587,"Gudang Utilitas",360,0,0
5,Calcipril,BRG-425397,"Gudang Utilitas",60,0,0
6,Curacron,BRG-546794,"Gudang Utilitas",120,0,0
7,Dolomit,BRG-123693,"Gudang Utilitas",40,0,0
8,EM4,BRG-584922,"Gudang Utilitas",260,0,0
9,KCL,BRG-150221,"Gudang Utilitas",70,0,0
10,"Mesti Patenhijo",BRG-479357,"Gudang Utilitas",100,0,0
11,Cangkul,BRG-107196,"Gudang Utilitas",40,0,0
12,Parang,BRG-289887,"Gudang Utilitas",20,0,0
13,"Gunting Pagar",BRG-191148,"Gudang Utilitas",10,0,0
