﻿No,Kode,Tanggal,User,Tipe,Barang,Gudang,Qty,"Tgl Kembali",Description
1,TRX-MSK-001,"2025-06-25 00:00","Operator Utilities","Barang Masuk",Alika,"Gudang Utilitas",200,-,"Transaksi barang masuk"
2,TRX-MSK-001,"2025-06-25 00:00","Operator Utilities","Barang Masuk",Antracol,"Gudang Utilitas",400,-,"Transaksi barang masuk"
3,TRX-MSK-001,"2025-06-25 00:00","Operator Utilities","Barang Masuk",Applaud,"Gudang Utilitas",240,-,"Transaksi barang masuk"
4,TRX-MSK-001,"2025-06-25 00:00","Operator Utilities","Barang Masuk","Mantab 1 L","Gudang Utilitas",360,-,"Transaksi barang masuk"
5,TRX-MSK-002,"2025-06-25 00:00","Operator Utilities","Barang Masuk",Calcipril,"Gudang Utilitas",60,-,"Barang masuk hari ini"
6,TRX-MSK-002,"2025-06-25 00:00","Operator Utilities","Barang Masuk",Curacron,"Gudang Utilitas",120,-,"Barang masuk hari ini"
7,TRX-MSK-002,"2025-06-25 00:00","Operator Utilities","Barang Masuk",Dolomit,"Gudang Utilitas",40,-,"Barang masuk hari ini"
8,TRX-MSK-002,"2025-06-25 00:00","Operator Utilities","Barang Masuk",EM4,"Gudang Utilitas",260,-,"Barang masuk hari ini"
9,TRX-MSK-003,"2025-06-25 00:00","Operator Utilities","Barang Masuk",KCL,"Gudang Utilitas",70,-,"Barang masuk hari ini"
10,TRX-MSK-003,"2025-06-25 00:00","Operator Utilities","Barang Masuk","Mesti Patenhijo","Gudang Utilitas",100,-,"Barang masuk hari ini"
11,TRX-MSK-003,"2025-06-25 00:00","Operator Utilities","Barang Masuk",Cangkul,"Gudang Utilitas",40,-,"Barang masuk hari ini"
12,TRX-MSK-003,"2025-06-25 00:00","Operator Utilities","Barang Masuk",Parang,"Gudang Utilitas",20,-,"Barang masuk hari ini"
13,TRX-MSK-004,"2025-06-25 00:00","Operator Utilities","Barang Masuk",Alika,"Gudang Utilitas",2,-,
14,TRX-MSK-005,"2025-06-25 00:00","Operator Utilities","Barang Masuk",Alika,"Gudang Utilitas",2,-,
15,TRX-MSK-006,"2025-06-25 00:00","Operator Utilities","Barang Masuk",Alika,"Gudang Utilitas",2,-,
16,TRX-MSK-007,"2025-06-25 00:00","Operator Utilities","Barang Masuk","Gunting Pagar","Gudang Utilitas",10,-,
17,TRX-KLR-001,"2025-06-25 00:00","Operator Utilities","Barang Keluar",Alika,"Gudang Utilitas",205,-,"barang Transaksi"
18,TRX-KLR-009,"2025-06-26 00:00","Operator Utilities","Barang Keluar",Antracol,"Gudang Utilitas",399,-,"Barang keluar Antracol oleh Bu Mona"
